cpse,material_code,material_description,category,material,size,unit,grade,benchmark_group_id,material_description_clean,category_clean,material_clean,size_clean,unit_clean,grade_clean,combined_text,extracted_size,extracted_material,extracted_grade
BHEL,BHL1001,SS Bolt M10 X 50,Fastener,Stainless Steel,M10 x 50,NOS,SS304,G001,ss bolt m10 x 50,fastener,stainless steel,m10 x 50,nos,ss304,ss bolt m10 x 50 fastener stainless steel m10 x 50 ss304,m10 x 50,stainless steel,ss304
NTPC,NTP5521,Stainless Steel Hex Bolt 10mm x 50mm,Fastener,SS,10 x 50,Nos,304,G001,stainless steel hex bolt 10mm x 50mm,fastener,ss,10 x 50,nos,304,stainless steel hex bolt 10mm x 50mm fastener ss 10 x 50 304,10 x 50,stainless steel,304
SAIL,STL2045,SS HEX BOLT M10-50,Fastener,Stainless Steel,M10-50,Number,SS 304,G001,ss hex bolt m10-50,fastener,stainless steel,m10-50,number,ss 304,ss hex bolt m10-50 fastener stainless steel m10-50 ss 304,,stainless steel,ss 304
ONGC,ONG1101,Stainless Steel Bolt M10 by 50,Fastener,SS,M10 x 50,EA,304,G001,stainless steel bolt m10 x 50,fastener,ss,m10 x 50,ea,304,stainless steel bolt m10 x 50 fastener ss m10 x 50 304,m10 x 50,stainless steel,304
BHEL,BHL1002,MS Hex Nut M10,Fastener,Mild Steel,M10,NOS,MS,G002,ms hex nut m10,fastener,mild steel,m10,nos,ms,ms hex nut m10 fastener mild steel m10 ms,,mild steel,
NTPC,NTP5522,Mild Steel Hexagonal Nut 10 mm,Fastener,MS,10 mm,Nos,MS,G002,mild steel hexagonal nut 10 mm,fastener,ms,10 mm,nos,ms,mild steel hexagonal nut 10 mm fastener ms 10 mm ms,10 mm,mild steel,
SAIL,STL2046,MS HEX NUT M10,Fastener,Mild Steel,M10,Number,MS,G002,ms hex nut m10,fastener,mild steel,m10,number,ms,ms hex nut m10 fastener mild steel m10 ms,,mild steel,
ONGC,ONG1102,Mild Steel Nut Size M10,Fastener,MS,M10,EA,MS,G002,mild steel nut size m10,fastener,ms,m10,ea,ms,mild steel nut size m10 fastener ms m10 ms,,mild steel,
BHEL,BHL1003,SS Flat Washer M10,Fastener,Stainless Steel,M10,NOS,SS304,G003,ss flat washer m10,fastener,stainless steel,m10,nos,ss304,ss flat washer m10 fastener stainless steel m10 ss304,,stainless steel,ss304
NTPC,NTP5523,Stainless Steel Plain Washer 10mm,Fastener,SS,10 mm,Nos,304,G003,stainless steel plain washer 10mm,fastener,ss,10 mm,nos,304,stainless steel plain washer 10mm fastener ss 10 mm 304,10mm,stainless steel,304
SAIL,STL2047,SS WASHER M10 FLAT,Fastener,Stainless Steel,M10,Number,SS304,G003,ss washer m10 flat,fastener,stainless steel,m10,number,ss304,ss washer m10 flat fastener stainless steel m10 ss304,,stainless steel,ss304
ONGC,ONG1103,SS Plain Washer M10,Fastener,Stainless Steel,M10,EA,SS304,G003,ss plain washer m10,fastener,stainless steel,m10,ea,ss304,ss plain washer m10 fastener stainless steel m10 ss304,,stainless steel,ss304
BHEL,BHL1004,SS Bolt M10 X 60,Fastener,Stainless Steel,M10 x 60,NOS,SS304,G004,ss bolt m10 x 60,fastener,stainless steel,m10 x 60,nos,ss304,ss bolt m10 x 60 fastener stainless steel m10 x 60 ss304,m10 x 60,stainless steel,ss304
NTPC,NTP5524,Stainless Steel Hex Bolt 10mm x 60mm,Fastener,SS,10 x 60,Nos,304,G004,stainless steel hex bolt 10mm x 60mm,fastener,ss,10 x 60,nos,304,stainless steel hex bolt 10mm x 60mm fastener ss 10 x 60 304,10 x 60,stainless steel,304
SAIL,STL2048,SS HEX BOLT M10-60,Fastener,Stainless Steel,M10-60,Number,SS304,G004,ss hex bolt m10-60,fastener,stainless steel,m10-60,number,ss304,ss hex bolt m10-60 fastener stainless steel m10-60 ss304,,stainless steel,ss304
ONGC,ONG1104,Stainless Steel Bolt M10 by 60,Fastener,SS,M10 x 60,EA,304,G004,stainless steel bolt m10 x 60,fastener,ss,m10 x 60,ea,304,stainless steel bolt m10 x 60 fastener ss m10 x 60 304,m10 x 60,stainless steel,304
BHEL,BHL1005,GI Hex Bolt M12 X 75,Fastener,Galvanized Steel,M12 x 75,NOS,GI,G005,gi hex bolt m12 x 75,fastener,galvanized steel,m12 x 75,nos,gi,gi hex bolt m12 x 75 fastener galvanized steel m12 x 75 gi,m12 x 75,galvanized steel,
NTPC,NTP5525,Galvanized Hexagonal Bolt 12mm x 75mm,Fastener,GI,12 x 75,Nos,GI,G005,galvanized hexagonal bolt 12mm x 75mm,fastener,gi,12 x 75,nos,gi,galvanized hexagonal bolt 12mm x 75mm fastener gi 12 x 75 gi,12 x 75,galvanized steel,
SAIL,STL2049,GI HEX BOLT M12-75,Fastener,Galvanized Steel,M12-75,Number,GI,G005,gi hex bolt m12-75,fastener,galvanized steel,m12-75,number,gi,gi hex bolt m12-75 fastener galvanized steel m12-75 gi,,galvanized steel,
ONGC,ONG1105,Galvanised Steel Bolt M12 75mm,Fastener,GI,M12 x 75,EA,GI,G005,galvanised steel bolt m12 75mm,fastener,gi,m12 x 75,ea,gi,galvanised steel bolt m12 75mm fastener gi m12 x 75 gi,m12 x 75,galvanized steel,
BHEL,BHL1006,Deep Groove Ball Bearing 6205,Bearing,Steel,6205,NOS,Chrome Steel,G006,deep groove ball bearing 6205,bearing,steel,6205,nos,chrome steel,deep groove ball bearing 6205 bearing steel 6205 chrome steel,6205,,
NTPC,NTP6601,6205 Ball Bearing Deep Groove,Bearing,Steel,6205,Nos,Chrome Steel,G006,6205 ball bearing deep groove,bearing,steel,6205,nos,chrome steel,6205 ball bearing deep groove bearing steel 6205 chrome steel,6205,,
SAIL,STL3001,Deep Groove Bearing No 6205,Bearing,Steel,6205,Number,Chrome Steel,G006,deep groove bearing no 6205,bearing,steel,6205,number,chrome steel,deep groove bearing no 6205 bearing steel 6205 chrome steel,6205,,
ONGC,ONG2201,Ball Bearing 6205 Deep Groove,Bearing,Steel,6205,EA,Chrome Steel,G006,ball bearing 6205 deep groove,bearing,steel,6205,ea,chrome steel,ball bearing 6205 deep groove bearing steel 6205 chrome steel,6205,,
BHEL,BHL1007,Deep Groove Ball Bearing 6206,Bearing,Steel,6206,NOS,Chrome Steel,G007,deep groove ball bearing 6206,bearing,steel,6206,nos,chrome steel,deep groove ball bearing 6206 bearing steel 6206 chrome steel,6206,,
NTPC,NTP6602,6206 Deep Groove Bearing,Bearing,Steel,6206,Nos,Chrome Steel,G007,6206 deep groove bearing,bearing,steel,6206,nos,chrome steel,6206 deep groove bearing bearing steel 6206 chrome steel,6206,,
SAIL,STL3002,Ball Bearing 6206 Deep Groove,Bearing,Steel,6206,Number,Chrome Steel,G007,ball bearing 6206 deep groove,bearing,steel,6206,number,chrome steel,ball bearing 6206 deep groove bearing steel 6206 chrome steel,6206,,
ONGC,ONG2202,Deep Groove Bearing 6206,Bearing,Steel,6206,EA,Chrome Steel,G007,deep groove bearing 6206,bearing,steel,6206,ea,chrome steel,deep groove bearing 6206 bearing steel 6206 chrome steel,6206,,
BHEL,BHL1008,Taper Roller Bearing 30205,Bearing,Steel,30205,NOS,Chrome Steel,G008,taper roller bearing 30205,bearing,steel,30205,nos,chrome steel,taper roller bearing 30205 bearing steel 30205 chrome steel,30205,,
NTPC,NTP6603,30205 Tapered Roller Bearing,Bearing,Steel,30205,Nos,Chrome Steel,G008,30205 tapered roller bearing,bearing,steel,30205,nos,chrome steel,30205 tapered roller bearing bearing steel 30205 chrome steel,30205,,
SAIL,STL3003,Taper Roller Bearing No 30205,Bearing,Steel,30205,Number,Chrome Steel,G008,taper roller bearing no 30205,bearing,steel,30205,number,chrome steel,taper roller bearing no 30205 bearing steel 30205 chrome steel,30205,,
ONGC,ONG2203,Conical Roller Bearing 30205,Bearing,Steel,30205,EA,Chrome Steel,G008,conical roller bearing 30205,bearing,steel,30205,ea,chrome steel,conical roller bearing 30205 bearing steel 30205 chrome steel,30205,,
BHEL,BHL1009,Deep Groove Ball Bearing 6305,Bearing,Steel,6305,NOS,Chrome Steel,G009,deep groove ball bearing 6305,bearing,steel,6305,nos,chrome steel,deep groove ball bearing 6305 bearing steel 6305 chrome steel,6305,,
NTPC,NTP6604,6305 Deep Groove Bearing,Bearing,Steel,6305,Nos,Chrome Steel,G009,6305 deep groove bearing,bearing,steel,6305,nos,chrome steel,6305 deep groove bearing bearing steel 6305 chrome steel,6305,,
SAIL,STL3004,Ball Bearing 6305 Deep Groove,Bearing,Steel,6305,Number,Chrome Steel,G009,ball bearing 6305 deep groove,bearing,steel,6305,number,chrome steel,ball bearing 6305 deep groove bearing steel 6305 chrome steel,6305,,
ONGC,ONG2204,Deep Groove Bearing No 6305,Bearing,Steel,6305,EA,Chrome Steel,G009,deep groove bearing no 6305,bearing,steel,6305,ea,chrome steel,deep groove bearing no 6305 bearing steel 6305 chrome steel,6305,,
BHEL,BHL1010,Gate Valve 50 NB Class 150,Valve,Carbon Steel,50 NB,NOS,Class 150,G010,gate valve 50 nb class 150,valve,carbon steel,50 nb,nos,class 150,gate valve 50 nb class 150 valve carbon steel 50 nb class 150,50 nb,carbon steel,class 150
NTPC,NTP7701,50 NB Gate Valve Class 150,Valve,CS,50 NB,Nos,150,G010,50 nb gate valve class 150,valve,cs,50 nb,nos,150,50 nb gate valve class 150 valve cs 50 nb 150,50 nb,carbon steel,class 150
SAIL,STL4001,CS Gate Valve 50NB CL150,Valve,Carbon Steel,50NB,Number,CL150,G010,cs gate valve 50nb cl150,valve,carbon steel,50nb,number,cl150,cs gate valve 50nb cl150 valve carbon steel 50nb cl150,50nb,carbon steel,cl150
ONGC,ONG3301,Carbon Steel Gate Valve 50 NB 150 Class,Valve,CS,50 NB,EA,Class150,G010,carbon steel gate valve 50 nb 150 class,valve,cs,50 nb,ea,class150,carbon steel gate valve 50 nb 150 class valve cs 50 nb class150,50 nb,carbon steel,class150
BHEL,BHL1011,Gate Valve 80 NB Class 150,Valve,Carbon Steel,80 NB,NOS,Class 150,G011,gate valve 80 nb class 150,valve,carbon steel,80 nb,nos,class 150,gate valve 80 nb class 150 valve carbon steel 80 nb class 150,80 nb,carbon steel,class 150
NTPC,NTP7702,80 NB Gate Valve CL 150,Valve,CS,80 NB,Nos,150,G011,80 nb gate valve cl 150,valve,cs,80 nb,nos,150,80 nb gate valve cl 150 valve cs 80 nb 150,80 nb,carbon steel,cl 150
SAIL,STL4002,CS GATE VALVE 80NB CLASS150,Valve,Carbon Steel,80NB,Number,CL150,G011,cs gate valve 80nb class150,valve,carbon steel,80nb,number,cl150,cs gate valve 80nb class150 valve carbon steel 80nb cl150,80nb,carbon steel,class150
ONGC,ONG3302,Carbon Steel Gate Valve 80 NB,Valve,CS,80 NB,EA,150,G011,carbon steel gate valve 80 nb,valve,cs,80 nb,ea,150,carbon steel gate valve 80 nb valve cs 80 nb 150,80 nb,carbon steel,
BHEL,BHL1012,Globe Valve 25 NB Class 150,Valve,Carbon Steel,25 NB,NOS,Class 150,G012,globe valve 25 nb class 150,valve,carbon steel,25 nb,nos,class 150,globe valve 25 nb class 150 valve carbon steel 25 nb class 150,25 nb,carbon steel,class 150
NTPC,NTP7703,25 NB Globe Valve CL 150,Valve,CS,25 NB,Nos,150,G012,25 nb globe valve cl 150,valve,cs,25 nb,nos,150,25 nb globe valve cl 150 valve cs 25 nb 150,25 nb,carbon steel,cl 150
SAIL,STL4003,Carbon Steel Globe Valve 25NB Class150,Valve,Carbon Steel,25NB,Number,CL150,G012,carbon steel globe valve 25nb class150,valve,carbon steel,25nb,number,cl150,carbon steel globe valve 25nb class150 valve carbon steel 25nb cl150,25nb,carbon steel,class150
ONGC,ONG3303,CS Globe Valve 25 NB 150 Class,Valve,CS,25 NB,EA,Class150,G012,cs globe valve 25 nb 150 class,valve,cs,25 nb,ea,class150,cs globe valve 25 nb 150 class valve cs 25 nb class150,25 nb,carbon steel,class150
BHEL,BHL1013,Butterfly Valve 100 NB PN16,Valve,Ductile Iron,100 NB,NOS,PN16,G013,butterfly valve 100 nb pn16,valve,ductile iron,100 nb,nos,pn16,butterfly valve 100 nb pn16 valve ductile iron 100 nb pn16,100 nb,ductile iron,pn16
NTPC,NTP7704,100 NB Butterfly Valve PN 16,Valve,DI,100 NB,Nos,PN16,G013,100 nb butterfly valve pn 16,valve,di,100 nb,nos,pn16,100 nb butterfly valve pn 16 valve di 100 nb pn16,100 nb,ductile iron,pn 16
SAIL,STL4004,DI Butterfly Valve 100NB PN16,Valve,Ductile Iron,100NB,Number,PN16,G013,di butterfly valve 100nb pn16,valve,ductile iron,100nb,number,pn16,di butterfly valve 100nb pn16 valve ductile iron 100nb pn16,100nb,ductile iron,pn16
ONGC,ONG3304,Butterfly Valve Size 100 NB Pressure PN16,Valve,DI,100 NB,EA,PN16,G013,butterfly valve size 100 nb pressure pn16,valve,di,100 nb,ea,pn16,butterfly valve size 100 nb pressure pn16 valve di 100 nb pn16,100 nb,ductile iron,pn16
BHEL,BHL1014,EPDM Rubber Gasket 50 NB,Gasket,EPDM Rubber,50 NB,NOS,EPDM,G014,epdm rubber gasket 50 nb,gasket,epdm rubber,50 nb,nos,epdm,epdm rubber gasket 50 nb gasket epdm rubber 50 nb epdm,50 nb,,epdm
NTPC,NTP8801,50 NB EPDM Gasket,Gasket,EPDM,50 NB,Nos,EPDM,G014,50 nb epdm gasket,gasket,epdm,50 nb,nos,epdm,50 nb epdm gasket gasket epdm 50 nb epdm,50 nb,,epdm
SAIL,STL5001,EPDM GASKET 50NB,Gasket,EPDM Rubber,50NB,Number,EPDM,G014,epdm gasket 50nb,gasket,epdm rubber,50nb,number,epdm,epdm gasket 50nb gasket epdm rubber 50nb epdm,50nb,,epdm
ONGC,ONG4401,EPDM Rubber Gasket Size 50 NB,Gasket,EPDM,50 NB,EA,EPDM,G014,epdm rubber gasket size 50 nb,gasket,epdm,50 nb,ea,epdm,epdm rubber gasket size 50 nb gasket epdm 50 nb epdm,50 nb,,epdm
BHEL,BHL1015,Spiral Wound Gasket 100 NB,Gasket,Graphite SS,100 NB,NOS,SS316/Graphite,G015,spiral wound gasket 100 nb,gasket,graphite ss,100 nb,nos,ss316/graphite,spiral wound gasket 100 nb gasket graphite ss 100 nb ss316/graphite,100 nb,stainless steel,ss316
NTPC,NTP8802,100 NB Spiral Wound Graphite Gasket,Gasket,Graphite SS,100 NB,Nos,316/Graphite,G015,100 nb spiral wound graphite gasket,gasket,graphite ss,100 nb,nos,316/graphite,100 nb spiral wound graphite gasket gasket graphite ss 100 nb 316/graphite,100 nb,stainless steel,316
SAIL,STL5002,Spiral Wound Gasket DN100,Gasket,SS Graphite,DN100,Number,SS316,G015,spiral wound gasket dn100,gasket,ss graphite,dn100,number,ss316,spiral wound gasket dn100 gasket ss graphite dn100 ss316,,stainless steel,ss316
ONGC,ONG4402,Spiral Wound Gasket 100 NB Graphite,Gasket,Graphite SS,100 NB,EA,316/Graphite,G015,spiral wound gasket 100 nb graphite,gasket,graphite ss,100 nb,ea,316/graphite,spiral wound gasket 100 nb graphite gasket graphite ss 100 nb 316/graphite,100 nb,stainless steel,316
BHEL,BHL1016,Copper Cable 2.5 Sqmm,Cable,Copper,2.5 sqmm,MTR,FR,G016,copper cable 2.5 sqmm,cable,copper,2.5 sqmm,mtr,fr,copper cable 2.5 sqmm cable copper 2.5 sqmm fr,,copper,
NTPC,NTP9901,2.5 sq mm Copper Electrical Cable,Cable,Copper,2.5 sq mm,Meter,FR,G016,2.5 sq mm copper electrical cable,cable,copper,2.5 sq mm,meter,fr,2.5 sq mm copper electrical cable cable copper 2.5 sq mm fr,,copper,
SAIL,STL6001,Copper Wire Cable 2.5mm2,Cable,Copper,2.5 mm2,Metre,FR,G016,copper wire cable 2.5mm2,cable,copper,2.5 mm2,metre,fr,copper wire cable 2.5mm2 cable copper 2.5 mm2 fr,,copper,
ONGC,ONG5501,2.5 Square MM Copper Cable,Cable,Cu,2.5 mm2,M,FR,G016,2.5 square mm copper cable,cable,cu,2.5 mm2,m,fr,2.5 square mm copper cable cable cu 2.5 mm2 fr,,copper,
BHEL,BHL1017,Aluminium Cable 16 Sqmm,Cable,Aluminium,16 sqmm,MTR,XLPE,G017,aluminium cable 16 sqmm,cable,aluminium,16 sqmm,mtr,xlpe,aluminium cable 16 sqmm cable aluminium 16 sqmm xlpe,,aluminium,
NTPC,NTP9902,16 Sq MM Aluminium Power Cable,Cable,Aluminium,16 sq mm,Meter,XLPE,G017,16 sq mm aluminium power cable,cable,aluminium,16 sq mm,meter,xlpe,16 sq mm aluminium power cable cable aluminium 16 sq mm xlpe,,aluminium,
SAIL,STL6002,Aluminium Cable 16mm2 XLPE,Cable,Al,16 mm2,Metre,XLPE,G017,aluminium cable 16mm2 xlpe,cable,al,16 mm2,metre,xlpe,aluminium cable 16mm2 xlpe cable al 16 mm2 xlpe,,aluminium,
ONGC,ONG5502,16 Square MM Aluminium XLPE Cable,Cable,Aluminium,16 sqmm,M,XLPE,G017,16 square mm aluminium xlpe cable,cable,aluminium,16 sqmm,m,xlpe,16 square mm aluminium xlpe cable cable aluminium 16 sqmm xlpe,,aluminium,
BHEL,BHL1018,FRLS Copper Cable 4 Sqmm,Cable,Copper,4 sqmm,MTR,FRLS,G018,frls copper cable 4 sqmm,cable,copper,4 sqmm,mtr,frls,frls copper cable 4 sqmm cable copper 4 sqmm frls,,copper,
NTPC,NTP9903,4 Sq MM Copper FRLS Cable,Cable,Cu,4 sq mm,Meter,FRLS,G018,4 sq mm copper frls cable,cable,cu,4 sq mm,meter,frls,4 sq mm copper frls cable cable cu 4 sq mm frls,,copper,
SAIL,STL6003,Copper Cable 4mm2 Flame Retardant Low Smoke,Cable,Copper,4 mm2,Metre,FRLS,G018,copper cable 4mm2 flame retardant low smoke,cable,copper,4 mm2,metre,frls,copper cable 4mm2 flame retardant low smoke cable copper 4 mm2 frls,,copper,
ONGC,ONG5503,FRLS Cu Cable 4 Square MM,Cable,Cu,4 sqmm,M,FRLS,G018,frls cu cable 4 square mm,cable,cu,4 sqmm,m,frls,frls cu cable 4 square mm cable cu 4 sqmm frls,,copper,
BHEL,BHL1019,MS Seamless Pipe 50 NB Sch40,Pipe,Mild Steel,50 NB, MTR,Sch 40,G019,ms seamless pipe 50 nb sch40,pipe,mild steel,50 nb,mtr,sch 40,ms seamless pipe 50 nb sch40 pipe mild steel 50 nb sch 40,50 nb,mild steel,sch40
NTPC,NTP1101,50 NB Carbon Steel Seamless Pipe Schedule 40,Pipe,CS,50 NB,Meter,Schedule 40,G019,50 nb carbon steel seamless pipe schedule 40,pipe,cs,50 nb,meter,schedule 40,50 nb carbon steel seamless pipe schedule 40 pipe cs 50 nb schedule 40,50 nb,carbon steel,schedule 40
SAIL,STL7001,CS SEAMLESS PIPE DN50 SCH40,Pipe,Carbon Steel,DN50,Metre,Sch40,G019,cs seamless pipe dn50 sch40,pipe,carbon steel,dn50,metre,sch40,cs seamless pipe dn50 sch40 pipe carbon steel dn50 sch40,,carbon steel,sch40
ONGC,ONG6601,Carbon Steel Seamless Pipe 50 NB Schedule 40,Pipe,CS,50 NB,M,40,G019,carbon steel seamless pipe 50 nb schedule 40,pipe,cs,50 nb,m,40,carbon steel seamless pipe 50 nb schedule 40 pipe cs 50 nb 40,50 nb,carbon steel,schedule 40
BHEL,BHL1020,SS Seamless Pipe 25 NB Sch10,Pipe,Stainless Steel,25 NB,MTR,Sch 10,G020,ss seamless pipe 25 nb sch10,pipe,stainless steel,25 nb,mtr,sch 10,ss seamless pipe 25 nb sch10 pipe stainless steel 25 nb sch 10,25 nb,stainless steel,sch10
NTPC,NTP1102,Stainless Steel Seamless Pipe 25 NB Schedule 10,Pipe,SS,25 NB,Meter,Schedule 10,G020,stainless steel seamless pipe 25 nb schedule 10,pipe,ss,25 nb,meter,schedule 10,stainless steel seamless pipe 25 nb schedule 10 pipe ss 25 nb schedule 10,25 nb,stainless steel,schedule 10
SAIL,STL7002,SS SEAMLESS PIPE DN25 SCH10,Pipe,SS,DN25,Metre,Sch10,G020,ss seamless pipe dn25 sch10,pipe,ss,dn25,metre,sch10,ss seamless pipe dn25 sch10 pipe ss dn25 sch10,,stainless steel,sch10
ONGC,ONG6602,Stainless Steel Pipe 25 NB Schedule 10,Pipe,Stainless Steel,25 NB,M,10,G020,stainless steel pipe 25 nb schedule 10,pipe,stainless steel,25 nb,m,10,stainless steel pipe 25 nb schedule 10 pipe stainless steel 25 nb 10,25 nb,stainless steel,schedule 10
BHEL,BHL1021,GI Pipe 40 NB Medium Class,Pipe,Galvanized Iron,40 NB,MTR,Medium,G021,gi pipe 40 nb medium class,pipe,galvanized iron,40 nb,mtr,medium,gi pipe 40 nb medium class pipe galvanized iron 40 nb medium,40 nb,galvanized steel,
NTPC,NTP1103,40 NB Galvanized Iron Pipe Medium Grade,Pipe,GI,40 NB,Meter,Medium,G021,40 nb galvanized iron pipe medium grade,pipe,gi,40 nb,meter,medium,40 nb galvanized iron pipe medium grade pipe gi 40 nb medium,40 nb,galvanized steel,
SAIL,STL7003,GI PIPE DN40 MEDIUM,Pipe,Galvanized Steel,DN40,Metre,Medium,G021,gi pipe dn40 medium,pipe,galvanized steel,dn40,metre,medium,gi pipe dn40 medium pipe galvanized steel dn40 medium,,galvanized steel,
ONGC,ONG6603,Galvanised Pipe 40 NB Medium Class,Pipe,GI,40 NB,M,Medium,G021,galvanised pipe 40 nb medium class,pipe,gi,40 nb,m,medium,galvanised pipe 40 nb medium class pipe gi 40 nb medium,40 nb,galvanized steel,
BHEL,BHL1022,Induction Motor 5 HP 415V,Motor,Three Phase,5 HP,NOS,IE2,G022,induction motor 5 hp 415v,motor,three phase,5 hp,nos,ie2,induction motor 5 hp 415v motor three phase 5 hp ie2,5 hp,,ie2
NTPC,NTP2201,5 HP Three Phase Induction Motor 415 Volt,Motor,3 Phase,5 HP,Nos,IE2,G022,5 hp three phase induction motor 415 volt,motor,3 phase,5 hp,nos,ie2,5 hp three phase induction motor 415 volt motor 3 phase 5 hp ie2,5 hp,,ie2
SAIL,STL8001,3 PH INDUCTION MOTOR 5HP 415V,Motor,Three Phase,5HP,Number,IE2,G022,3 ph induction motor 5hp 415v,motor,three phase,5hp,number,ie2,3 ph induction motor 5hp 415v motor three phase 5hp ie2,5hp,,ie2
ONGC,ONG7701,Three Phase Motor 5 HP 415 V,Motor,3 Phase,5 HP,EA,IE2,G022,three phase motor 5 hp 415 v,motor,3 phase,5 hp,ea,ie2,three phase motor 5 hp 415 v motor 3 phase 5 hp ie2,5 hp,,ie2
BHEL,BHL1023,Induction Motor 10 HP 415V,Motor,Three Phase,10 HP,NOS,IE3,G023,induction motor 10 hp 415v,motor,three phase,10 hp,nos,ie3,induction motor 10 hp 415v motor three phase 10 hp ie3,10 hp,,ie3
NTPC,NTP2202,10 HP Three Phase Motor 415 Volt,Motor,3 Phase,10 HP,Nos,IE3,G023,10 hp three phase motor 415 volt,motor,3 phase,10 hp,nos,ie3,10 hp three phase motor 415 volt motor 3 phase 10 hp ie3,10 hp,,ie3
SAIL,STL8002,3 PH MOTOR 10HP 415V IE3,Motor,Three Phase,10HP,Number,IE3,G023,3 ph motor 10hp 415v ie3,motor,three phase,10hp,number,ie3,3 ph motor 10hp 415v ie3 motor three phase 10hp ie3,10hp,,ie3
ONGC,ONG7702,Three Phase Induction Motor 10 HP,Motor,3 Phase,10 HP,EA,IE3,G023,three phase induction motor 10 hp,motor,3 phase,10 hp,ea,ie3,three phase induction motor 10 hp motor 3 phase 10 hp ie3,10 hp,,ie3
BHEL,BHL1024,Centrifugal Pump 20 m3/hr,Pump,Cast Iron,20 m3/hr,NOS,CI,G024,centrifugal pump 20 m3/hr,pump,cast iron,20 m3/hr,nos,ci,centrifugal pump 20 m3/hr pump cast iron 20 m3/hr ci,20 m3/hr,cast iron,
NTPC,NTP3301,20 Cubic Meter Per Hour Centrifugal Pump,Pump,Cast Iron,20 m3/hr,Nos,CI,G024,20 cubic meter per hour centrifugal pump,pump,cast iron,20 m3/hr,nos,ci,20 cubic meter per hour centrifugal pump pump cast iron 20 m3/hr ci,20 m3/hr,cast iron,
SAIL,STL9001,Centrifugal Pump Capacity 20 M3/Hr,Pump,CI,20 M3/Hr,Number,Cast Iron,G024,centrifugal pump capacity 20 m3/hr,pump,ci,20 m3/hr,number,cast iron,centrifugal pump capacity 20 m3/hr pump ci 20 m3/hr cast iron,20 m3/hr,cast iron,
ONGC,ONG8801,CI Centrifugal Pump 20 Cubic Meter Hour,Pump,Cast Iron,20 m3/hr,EA,CI,G024,ci centrifugal pump 20 cubic meter hour,pump,cast iron,20 m3/hr,ea,ci,ci centrifugal pump 20 cubic meter hour pump cast iron 20 m3/hr ci,20 m3/hr,cast iron,
BHEL,BHL1025,Centrifugal Pump 40 m3/hr,Pump,Cast Iron,40 m3/hr,NOS,CI,G025,centrifugal pump 40 m3/hr,pump,cast iron,40 m3/hr,nos,ci,centrifugal pump 40 m3/hr pump cast iron 40 m3/hr ci,40 m3/hr,cast iron,
NTPC,NTP3302,40 Cubic Meter Per Hour Centrifugal Pump,Pump,CI,40 m3/hr,Nos,Cast Iron,G025,40 cubic meter per hour centrifugal pump,pump,ci,40 m3/hr,nos,cast iron,40 cubic meter per hour centrifugal pump pump ci 40 m3/hr cast iron,40 m3/hr,cast iron,
SAIL,STL9002,Centrifugal Pump Capacity 40 M3/Hr,Pump,Cast Iron,40 M3/Hr,Number,CI,G025,centrifugal pump capacity 40 m3/hr,pump,cast iron,40 m3/hr,number,ci,centrifugal pump capacity 40 m3/hr pump cast iron 40 m3/hr ci,40 m3/hr,cast iron,
ONGC,ONG8802,CI Centrifugal Pump 40 m3 per hour,Pump,Cast Iron,40 m3/hr,EA,CI,G025,ci centrifugal pump 40 m3 per hour,pump,cast iron,40 m3/hr,ea,ci,ci centrifugal pump 40 m3 per hour pump cast iron 40 m3/hr ci,40 m3/hr,cast iron,
BHEL,BHL1026,Lithium Grease EP2,Lubricant,Lithium Base,EP2,KG,NLGI 2,G026,lithium grease ep2,lubricant,lithium base,ep2,kg,nlgi 2,lithium grease ep2 lubricant lithium base ep2 nlgi 2,,,ep2
NTPC,NTP4401,EP2 Lithium Base Grease,Lubricant,Lithium,EP2,Kg,NLGI-2,G026,ep2 lithium base grease,lubricant,lithium,ep2,kg,nlgi-2,ep2 lithium base grease lubricant lithium ep2 nlgi-2,,,ep2
SAIL,STL10001,Lithium Grease NLGI 2 EP2,Lubricant,Lithium Base,EP2,KG,NLGI2,G026,lithium grease nlgi 2 ep2,lubricant,lithium base,ep2,kg,nlgi2,lithium grease nlgi 2 ep2 lubricant lithium base ep2 nlgi2,,,ep2
ONGC,ONG9901,EP-2 Lithium Grease,Lubricant,Lithium,EP2,Kg,NLGI 2,G026,ep-2 lithium grease,lubricant,lithium,ep2,kg,nlgi 2,ep-2 lithium grease lubricant lithium ep2 nlgi 2,,,ep2
BHEL,BHL1027,Industrial Gear Oil 220,Lubricant,Mineral Oil,220,LTR,ISO VG 220,G027,industrial gear oil 220,lubricant,mineral oil,220,ltr,iso vg 220,industrial gear oil 220 lubricant mineral oil 220 iso vg 220,,,
NTPC,NTP4402,Gear Lubricating Oil ISO VG 220,Lubricant,Mineral Oil,220,Litre,ISO VG220,G027,gear lubricating oil iso vg 220,lubricant,mineral oil,220,litre,iso vg220,gear lubricating oil iso vg 220 lubricant mineral oil 220 iso vg220,,,
SAIL,STL10002,Industrial Gear Oil Grade 220,Lubricant,Mineral Oil,VG220,LT,ISO VG 220,G027,industrial gear oil grade 220,lubricant,mineral oil,vg220,lt,iso vg 220,industrial gear oil grade 220 lubricant mineral oil vg220 iso vg 220,,,
ONGC,ONG9902,Gear Oil VG 220 Industrial,Lubricant,Mineral,220,L,VG220,G027,gear oil vg 220 industrial,lubricant,mineral,220,l,vg220,gear oil vg 220 industrial lubricant mineral 220 vg220,,,
BHEL,BHL1028,Carbon Steel Welding Electrode 3.15mm,Welding,Carbon Steel,3.15 mm,KG,E6013,G028,carbon steel welding electrode 3.15mm,welding,carbon steel,3.15 mm,kg,e6013,carbon steel welding electrode 3.15mm welding carbon steel 3.15 mm e6013,15mm,carbon steel,e6013
NTPC,NTP5501,E6013 Welding Electrode 3.15 MM,Welding,CS,3.15mm,Kg,E6013,G028,e6013 welding electrode 3.15 mm,welding,cs,3.15mm,kg,e6013,e6013 welding electrode 3.15 mm welding cs 3.15mm e6013,15 mm,carbon steel,e6013
SAIL,STL11001,CS Welding Rod E6013 3.15mm,Welding,Carbon Steel,3.15 mm,KG,E6013,G028,cs welding rod e6013 3.15mm,welding,carbon steel,3.15 mm,kg,e6013,cs welding rod e6013 3.15mm welding carbon steel 3.15 mm e6013,15mm,carbon steel,e6013
ONGC,ONG10001,Welding Electrode E6013 Dia 3.15 MM,Welding,CS,3.15mm,Kg,E6013,G028,welding electrode e6013 dia 3.15 mm,welding,cs,3.15mm,kg,e6013,welding electrode e6013 dia 3.15 mm welding cs 3.15mm e6013,15 mm,carbon steel,e6013
BHEL,BHL1029,Stainless Steel Welding Electrode 3.15mm,Welding,Stainless Steel,3.15 mm,KG,E308L-16,G029,stainless steel welding electrode 3.15mm,welding,stainless steel,3.15 mm,kg,e308l-16,stainless steel welding electrode 3.15mm welding stainless steel 3.15 mm e308l-16,15mm,stainless steel,e308l-16
NTPC,NTP5502,E308L Stainless Steel Welding Rod 3.15 MM,Welding,SS,3.15mm,Kg,E308L-16,G029,e308l stainless steel welding rod 3.15 mm,welding,ss,3.15mm,kg,e308l-16,e308l stainless steel welding rod 3.15 mm welding ss 3.15mm e308l-16,15 mm,stainless steel,e308l
SAIL,STL11002,SS Welding Electrode E308L 3.15mm,Welding,Stainless Steel,3.15 mm,KG,E308L,G029,ss welding electrode e308l 3.15mm,welding,stainless steel,3.15 mm,kg,e308l,ss welding electrode e308l 3.15mm welding stainless steel 3.15 mm e308l,15mm,stainless steel,e308l
ONGC,ONG10002,Stainless Welding Electrode Dia 3.15 MM,Welding,SS,3.15mm,Kg,E308L,G029,stainless welding electrode dia 3.15 mm,welding,ss,3.15mm,kg,e308l,stainless welding electrode dia 3.15 mm welding ss 3.15mm e308l,15 mm,stainless steel,e308l
BHEL,BHL1030,Safety Helmet ISI Approved,PPE,ABS Plastic,Standard,NOS,IS 2925,G030,safety helmet isi approved,ppe,abs plastic,standard,nos,is 2925,safety helmet isi approved ppe abs plastic standard is 2925,2925,,
NTPC,NTP6605,Industrial Safety Helmet ISI Marked,PPE,ABS,Standard,Nos,IS2925,G030,industrial safety helmet isi marked,ppe,abs,standard,nos,is2925,industrial safety helmet isi marked ppe abs standard is2925,,,
SAIL,STL12001,ISI Safety Helmet Industrial Type,PPE,ABS Plastic,Standard,Number,IS 2925,G030,isi safety helmet industrial type,ppe,abs plastic,standard,number,is 2925,isi safety helmet industrial type ppe abs plastic standard is 2925,2925,,
ONGC,ONG11001,Industrial Protective Safety Helmet,PPE,ABS,Standard,EA,ISI,G030,industrial protective safety helmet,ppe,abs,standard,ea,isi,industrial protective safety helmet ppe abs standard isi,,,
